<?xml version="1.0" encoding="utf-8"?>
<extension type="component" version="1.6">
	<name>com_categories</name>
		<author>Joomla! Project</author>
	<creationDate>December 2007</creationDate>
		<copyright>(C) 2005 - 2010 Open Source Matters. All rights reserved.</copyright>
		<license>http://www.gnu.org/licenses/gpl-2.0.html GNU/GPL</license>
		<authorEmail>admin@joomla.org</authorEmail>
		<authorUrl>www.joomla.org</authorUrl>
		<version>1.6.0</version>
		<description>This component manages categories</description>
		<administrator />
</extension>
