<?xml version="1.0" encoding="utf-8"?>
<access component="com_projects">
	<section name="projects">
		<action name="projects.view"
			title="COM_PROJECTS_PERMISSIONS_VIEW_PROJECTS_TITLE"
			description="COM_PROJECTS_PERMISSIONS_VIEW_PROJECTS_DESC" />			
		<action name="projects.manage"
			title="COM_PROJECTS_PERMISSIONS_MANAGE_PROJECTS_TITLE"
			description="COM_PROJECTS_PERMISSIONS_MANAGE_PROJECTS_DESC" />
		<action name="projects.submit"
			title="COM_PROJECTS_PERMISSIONS_SUBMIT_PROJECTS_TITLE"
			description="COM_PROJECTS_PERMISSIONS_SUBMIT_PROJECTS_DESC" />	
		
		<action name="project.tasks.view"
			title="COM_PROJECTS_PERMISSIONS_VIEW_TASKS_TITLE"
			description="COM_PROJECTS_PERMISSIONS_VIEW_TASKS_DESC" />	
		<action name="project.tasks.manage"
			title="COM_PROJECTS_PERMISSIONS_MANAGE_TASKS_TITLE"
			description="COM_PROJECTS_PERMISSIONS_MANAGE_TASKS_DESC" />			
						
		<action name="project.tickets.view"
			title="COM_PROJECTS_PERMISSIONS_VIEW_TICKETS_TITLE"
			description="COM_PROJECTS_PERMISSIONS_VIEW_TICKETS_DESC" />	
		<action name="project.tickets.submit"
			title="COM_PROJECTS_PERMISSIONS_SUBMIT_TICKETS_TITLE"
			description="COM_PROJECTS_PERMISSIONS_SUBMIT_TICKETS_DESC" />	
		
		<action name="project.activities.view"
			title="COM_PROJECTS_PERMISSIONS_VIEW_ACTIVITIES_TITLE"
			description="COM_PROJECTS_PERMISSIONS_VIEW_ACTIVITIES_DESC" />	
		<action name="project.activities.submit"
			title="COM_PROJECTS_PERMISSIONS_SUBMIT_ACTIVITIES_TITLE"
			description="COM_PROJECTS_PERMISSIONS_SUBMIT_ACTIVITIES_DESC" />	
		<action name="project.activities.manage"
			title="COM_PROJECTS_PERMISSIONS_MANAGE_ACTIVITIES_TITLE"
			description="COM_PROJECTS_PERMISSIONS_MANAGE_ACTIVITIES_DESC" />	
	</section>
	<section name="category">
		<action name="projects.view"
			title="COM_PROJECTS_PERMISSIONS_VIEW_PROJECTS_TITLE"
			description="COM_PROJECTS_PERMISSIONS_VIEW_PROJECTS_DESC" />			
		<action name="projects.manage"
			title="COM_PROJECTS_PERMISSIONS_MANAGE_PROJECTS_TITLE"
			description="COM_PROJECTS_PERMISSIONS_MANAGE_PROJECTS_DESC" />
		<action name="projects.submit"
			title="COM_PROJECTS_PERMISSIONS_SUBMIT_PROJECTS_TITLE"
			description="COM_PROJECTS_PERMISSIONS_SUBMIT_PROJECTS_DESC" />	
		
		<action name="project.tasks.view"
			title="COM_PROJECTS_PERMISSIONS_VIEW_TASKS_TITLE"
			description="COM_PROJECTS_PERMISSIONS_VIEW_TASKS_DESC" />	
		<action name="project.tasks.manage"
			title="COM_PROJECTS_PERMISSIONS_MANAGE_TASKS_TITLE"
			description="COM_PROJECTS_PERMISSIONS_MANAGE_TASKS_DESC" />			
						
		<action name="project.tickets.view"
			title="COM_PROJECTS_PERMISSIONS_VIEW_TICKETS_TITLE"
			description="COM_PROJECTS_PERMISSIONS_VIEW_TICKETS_DESC" />	
		<action name="project.tickets.submit"
			title="COM_PROJECTS_PERMISSIONS_SUBMIT_TICKETS_TITLE"
			description="COM_PROJECTS_PERMISSIONS_SUBMIT_TICKETS_DESC" />	
		
		<action name="project.activities.view"
			title="COM_PROJECTS_PERMISSIONS_VIEW_ACTIVITIES_TITLE"
			description="COM_PROJECTS_PERMISSIONS_VIEW_ACTIVITIES_DESC" />	
		<action name="project.activities.submit"
			title="COM_PROJECTS_PERMISSIONS_SUBMIT_ACTIVITIES_TITLE"
			description="COM_PROJECTS_PERMISSIONS_SUBMIT_ACTIVITIES_DESC" />	
		<action name="project.activities.manage"
			title="COM_PROJECTS_PERMISSIONS_MANAGE_ACTIVITIES_TITLE"
			description="COM_PROJECTS_PERMISSIONS_MANAGE_ACTIVITIES_DESC" />	
	</section>
</access>