<?xml version="1.0" encoding="utf-8"?>
<extension type="component" version="1.6.0">
	<name>COM_PROJECTS</name>
	<creationDate>June 2010</creationDate>
	<author>jCamp team</author>
	<copyright>(C) 2010 jCamp team. All rights reserved.</copyright>
	<license>GNU General Public License version 2 or later</license>
	<version>1.0</version>
	<description>COM_PROJECTS_DESC</description>
	<install> <!-- Runs on install -->
		    <sql>
		            <file driver="mysql" charset="utf8">sql/install.mysql.sql</file>
		    </sql>
	</install>
	<uninstall> <!-- Runs on uninstall -->
		    <sql>
		            <file driver="mysql" charset="utf8">sql/uninstall.mysql.sql</file>
		    </sql>
	</uninstall>
	<update> <!-- Runs on update -->
		    <sql>
		            <file driver="mysql" charset="utf8">sql/update.mysql.sql</file>
		    </sql>
	</update>
	<files folder="site">
		    <filename>controller.php</filename>
		    <filename>index.html</filename>
		    <filename>projects.php</filename>
		    <folder>controllers</folder>
		    <folder>helpers</folder>
			   <folder>models</folder>
		    <folder>views</folder>
	</files> 
	<media destination="com_projects" folder="media">
		<filename>index.html</filename>
		<folder>css</folder>
		<folder>images</folder>
	</media>
	<languages folder="site/language">
		<language tag="en-GB">en-GB.com_projects.ini</language>
	</languages>

	<administration>
		    <menu link="index.php?option=com_projects">COM_PROJECTS</menu> 
		    <files folder="admin">
          <filename>index.html</filename>
          <filename>controller.php</filename>
		      <filename>projects.php</filename>
		      <filename>config.xml</filename>
					<filename>access.xml</filename>
					<folder>helpers</folder>
					<folder>models</folder>
		      <folder>sql</folder>		            
		      <folder>tables</folder>
					<folder>views</folder>
		    </files>
	    	<languages folder="admin/language">
				<language tag="en-GB">en-GB.com_projects.ini</language>
				<language tag="en-GB">en-GB.com_projects.sys.ini</language>
			</languages>
	</administration>
</extension>
