<?xml version="1.0" encoding="utf-8"?>
<install
	type="module"
	version="1.6.0"
	client="administrator">
	<name>mod_status</name>
	<author>Joomla! Project</author>
	<creationDate>Feb 2006</creationDate>
	<copyright>(C) 2005 - 2010 Open Source Matters. All rights reserved.</copyright>
	<license>GNU General Public License version 2 or later; see LICENSE.txt</license>
	<authorEmail>admin@joomla.org</authorEmail>
	<authorUrl>www.joomla.org</authorUrl>
	<version>1.6.0</version>
	<description>MOD_STATUS_XML_DESCRIPTION</description>
	<files>
		<filename module="mod_status">mod_status.php</filename>
		<filename>index.html</filename>
		<folder>tmpl</folder>
	</files>
	<fields
		group="advanced">
		<field
			name="layout"
			type="modulelayout"
			label="JFIELD_ALT_LAYOUT_LABEL"
			description="JFIELD_ALT_MODULE_LAYOUT_DESC" />

		<field
			name="moduleclass_sfx"
			type="text"
			default=""
			label="MODULES_FIELD_MODULECLASS_SFX_LABEL"
			description="MODULES_FIELD_MODULECLASS_SFX_DESC" />

		<field
			name="cache"
			type="list"
			default="0"
			label="MODULES_FIELD_CACHING_LABEL"
			description="MODULES_FIELD_CACHING_DESC">
			<option
				value="0">MODULES_FIELD_VALUE_NOCACHING</option>
		</field>
	</fields>
</install>