<?xml version="1.0" encoding="UTF-8" ?>
<extension type="library" version="2.5">
	<name>PHPMailer</name>
	<libraryname>phpmailer</libraryname>
	<version>1.7.0</version>
	<description>LIB_PHPMAILER_XML_DESCRIPTION</description>
	<creationDate>2008</creationDate>
	<copyright>Copyright (C) PHPMailer.</copyright>
	<license>http://www.gnu.org/licenses/gpl-2.0.html GNU/GPL</license>
	<author>PHPMailer</author>
	<authorEmail></authorEmail>
	<authorUrl>http://phpmailer.codeworxtech.com/</authorUrl>
	<packager>Joomla!</packager>
	<packagerurl>http://www.joomla.org</packagerurl>
	<update>http://update.joomla.org/libraries/phpmailer</update>
	<files>
		<file>phpmailer.php</file>
		<file>LICENSE</file>
		<file>index.html</file>
		<file>language/index.html</file>
		<file>language/phpmailer.lang-en.php</file>
		<file>language/phpmailer.lang-joomla.php</file>
		<file>smtp.php</file>
	</files>
</extension>
