<?xml version="1.0" encoding="utf-8"?>
<extension
	type="module"
	version="1.7"
	client="administrator">
	<name>mod_status</name>
	<author>Joomla! Project</author>
	<creationDate>Feb 2006</creationDate>
	<copyright>(C) 2005 - 2011 Open Source Matters. All rights reserved.</copyright>
	<license>GNU General Public License version 2 or later; see LICENSE.txt</license>
	<authorEmail>admin@joomla.org</authorEmail>
	<authorUrl>www.joomla.org</authorUrl>
	<version>1.7.0</version>
	<description>MOD_STATUS_XML_DESCRIPTION</description>
	<files>
		<filename module="mod_status">mod_status.php</filename>
		<filename>index.html</filename>
		<folder>tmpl</folder>
	</files>
	<languages>
		<language tag="en-GB">en-GB.mod_status.ini</language>
		<language tag="en-GB">en-GB.mod_status.sys.ini</language>
	</languages>
	<help key="JHELP_EXTENSIONS_MODULE_MANAGER_ADMIN_STATUS" />
	<config>
		<fields name="params">
			<fieldset name="basic">
				<field
					name="show_loggedin_users"
					type="radio"
					default="1"
					label="MOD_STATUS_FIELD_SHOW_LOGGEDIN_USERS_LABEL"
					description="MOD_STATUS_FIELD_SHOW_LOGGEDIN_USERS_DESC">
					<option
						value="0">JNo</option>
					<option
						value="1">JYes</option>
				</field>
				<field
					name="show_loggedin_users_admin"
					type="radio"
					default="1"
					label="MOD_STATUS_FIELD_SHOW_LOGGEDIN_USERS_ADMIN_LABEL"
					description="MOD_STATUS_FIELD_SHOW_LOGGEDIN_USERS_ADMIN_DESC">
					<option
						value="0">JNo</option>
					<option
						value="1">JYes</option>
				</field>
				<field
					name="show_messages"
					type="radio"
					default="1"
					label="MOD_STATUS_FIELD_SHOW_MESSAGES_LABEL"
					description="MOD_STATUS_FIELD_SHOW_MESSAGES_DESC">
					<option
						value="0">JNo</option>
					<option
						value="1">JYes</option>
				</field>
			</fieldset>
			<fieldset name="advanced">
				<field
					name="layout"
					type="modulelayout"
					label="JFIELD_ALT_LAYOUT_LABEL"
					description="JFIELD_ALT_MODULE_LAYOUT_DESC" />

				<field
					name="moduleclass_sfx"
					type="text"
					label="COM_MODULES_FIELD_MODULECLASS_SFX_LABEL"
					description="COM_MODULES_FIELD_MODULECLASS_SFX_DESC" />

				<field
					name="cache"
					type="list"
					default="0"
					label="COM_MODULES_FIELD_CACHING_LABEL"
					description="COM_MODULES_FIELD_CACHING_DESC">
					<option
						value="0">COM_MODULES_FIELD_VALUE_NOCACHING</option>
				</field>
			</fieldset>
		</fields>
	</config>
</extension>
