<?xml version="1.0" encoding="utf-8"?>
<extension type="component" version="1.6.0">
	<name>COM_PROJECTS</name>
	<creationDate>11/2010</creationDate>
	<author>jCamp team</author>
	<authorEmail>team.jcamp@gmail.com</authorEmail>
	<authorUrl>jcamp.3den.org</authorUrl>
	<copyright>(C) 2010 jCamp team. All rights reserved.</copyright>
	<license>GNU General Public License version 2 or later</license>
	<version>1.0 Alpha2</version>
	<description>COM_PROJECTS_DESC</description>
	<install> 
		<!-- Runs on install -->
		<sql>
        	<file driver="mysql" charset="utf8">sql/install.mysql.sql</file>
		</sql>
	</install>
	<uninstall> <!-- Runs on uninstall -->
	    <sql>
            <file driver="mysql" charset="utf8">sql/uninstall.mysql.sql</file>
	    </sql>
	</uninstall>
	<update> <!-- Runs on update -->
	    <sql>
            <file driver="mysql" charset="utf8">sql/install.mysql.sql</file>
	    </sql>
	</update>
	<files folder="components/com_projects">
		    <filename>controller.php</filename>
		    <filename>index.html</filename>
		    <filename>projects.php</filename>
		    <folder>controllers</folder>
		    <folder>helpers</folder>
			<folder>models</folder>
		    <folder>views</folder>
	</files> 
	<media destination="com_projects" folder="media/com_projects">
		<filename>index.html</filename>
		<folder>css</folder>
		<folder>images</folder>
	</media>
	<languages folder="language">
		<language tag="en-GB">en-GB/en-GB.com_projects.ini</language>
	</languages>

	<administration>
		    <menu link="index.php?option=com_projects">COM_PROJECTS</menu> 
		    <submenu>
          <menu link="option=com_projects" img="class:article">COM_PROJECTS_PROJECTS</menu>
          <menu link="option=com_categories&amp;view=categories&amp;extension=com_projects" img="class:category" alt="Portfolios">COM_PROJECTS_PORTFOLIOS</menu>
          <menu link="option=com_categories&amp;view=categories&amp;extension=com_projects.document" img="class:category" alt="COM_PROJECTS_DOCUMENT_CATEGORIES_DESC">COM_PROJECTS_DOCUMENT_CATEGORIES</menu>
					<menu link="option=com_categories&amp;view=categories&amp;extension=com_projects.task" img="class:category" alt="COM_PROJECTS_TASK_CATEGORIES_DESC">COM_PROJECTS_TASK_CATEGORIES</menu>
		    </submenu>  
		    <files folder="administrator/components/com_projects">
		      <filename>index.html</filename>
		      <filename>controller.php</filename>
		      <filename>projects.php</filename>
          <filename>config.xml</filename>
					<filename>access.xml</filename>
					<folder>controllers</folder>
					<folder>helpers</folder>
					<folder>models</folder>
          <folder>sql</folder>		            
          <folder>tables</folder>
					<folder>views</folder>
		    </files>
	    	<languages folder="administrator/language">
				<language tag="en-GB">en-GB/en-GB.com_projects.ini</language>
				<language tag="en-GB">en-GB/en-GB.com_projects.sys.ini</language>
			</languages>
	</administration>
</extension>
