<?xml version="1.0" encoding="utf-8"?>
<install
	type="module"
	version="1.6.0"
	client="administrator">
	<name>mod_feed</name>
	<author>Joomla! Project</author>
	<creationDate>July 2005</creationDate>
	<copyright>Copyright (C) 2005 - 2010 Open Source Matters. All rights reserved.</copyright>
	<license>GNU General Public License version 2 or later; see LICENSE.txt</license>
	<authorEmail>admin@joomla.org</authorEmail>
	<authorUrl>www.joomla.org</authorUrl>
	<version>1.6.0</version>
	<description>MOD_FEED_XML_DESCRIPTION</description>
	<files>
		<filename module="mod_feed">mod_feed.php</filename>
		<filename>helper.php</filename>
		<filename>index.html</filename>
		<folder>tmpl</folder>
	</files>
	<fields>
		<field
			name="rssurl"
			type="text"
			size="50"
			default=""
			label="MOD_FEED_FIELD_RSSURL_LABEL"
			description="MOD_FEED_FIELD_RSSURL_DESC" />
		<field
			name="rssrtl"
			type="radio"
			default="0"
			label="MOD_FEED_FIELD_RTL_LABEL"
			description="MOD_FEED_FIELD_RTL_DESC">
			<option
				value="1">JYES</option>
			<option
				value="0">JNO</option>
		</field>
		<field
			name="rsstitle"
			type="radio"
			default="1"
			label="MOD_FEED_FIELD_RSSTITLE_LABEL"
			description="MOD_FEED_FIELD_RSSTITLE_DESC">
			<option
				value="1">JYES</option>
			<option
				value="0">JNO</option>
		</field>
		<field
			name="rssdesc"
			type="radio"
			default="1"
			label="MOD_FEED_FIELD_DESCRIPTION_LABEL"
			description="MOD_FEED_FIELD_DESCRIPTION_DESC">
			<option
				value="1">JYES</option>
			<option
				value="0">JNO</option>
		</field>
		<field
			name="rssimage"
			type="radio"
			default="1"
			label="MOD_FEED_FIELD_IMAGE_LABEL"
			description="MOD_FEED_FIELD_IMAGE_DESC">
			<option
				value="1">JYES</option>
			<option
				value="0">JNO</option>
		</field>
		<field
			name="rssitems"
			type="text"
			default="3"
			label="MOD_FEED_FIELD_ITEMS_LABEL"
			description="MOD_FEED_FIELD_ITEMS_DESC" />
		<field
			name="rssitemdesc"
			type="radio"
			default="1"
			label="MOD_FEED_FIELD_ITEMDESCRIPTION_LABEL"
			description="MOD_FEED_FIELD_ITEMDESCRIPTION_DESC">
			<option
				value="1">JYES</option>
			<option
				value="0">JNO</option>
		</field>
		<field
			name="word_count"
			type="text"
			size="6"
			default="0"
			label="MOD_FEED_FIELD_WORDCOUNT_LABEL"
			description="MOD_FEED_FIELD_WORDCOUNT_DESC" />
	</fields>
	<fields
		group="advanced">
		<field
			name="layout"
			type="modulelayout"
			label="JFIELD_ALT_LAYOUT_LABEL"
			description="JFIELD_ALT_MODULE_LAYOUT_DESC" />

		<field
			name="moduleclass_sfx"
			type="text"
			default=""
			label="MODULES_FIELD_MODULECLASS_SFX_LABEL"
			description="MODULES_FIELD_MODULECLASS_SFX_DESC" />

		<field
			name="cache"
			type="list"
			default="1"
			label="MODULES_FIELD_CACHING_LABEL"
			description="MODULES_FIELD_CACHING_DESC">
			<option
				value="1">USE_GLOBAL</option>
			<option
				value="0">MODULES_FIELD_VALUE_NOCACHING</option>
		</field>

		<field
			name="cache_time"
			type="text"
			default="900"
			label="MODULES_FIELD_CACHE_TIME_LABEL"
			description="MODULES_FIELD_CACHE_TIME_DESC" />
	</fields>
</install>