<?xml version="1.0" encoding="utf-8"?>
<install
	type="module"
	version="1.6.0"
	client="administrator">
	<name>mod_latest</name>
	<author>Joomla! Project</author>
	<creationDate>July 2004</creationDate>
	<copyright>Copyright (C) 2005 - 2010 Open Source Matters. All rights reserved.</copyright>
	<license>GNU General Public License version 2 or later; see LICENSE.txt</license>
	<authorEmail>admin@joomla.org</authorEmail>
	<authorUrl>www.joomla.org</authorUrl>
	<version>1.6.0</version>
	<description>MOD_LATEST_XML_DESCRIPTION</description>
	<files>
		<filename module="mod_latest">mod_latest.php</filename>
		<filename>helper.php</filename>
		<filename>index.html</filename>
		<folder>tmpl</folder>
	</files>
	<fields>
		<field
			name="count"
			type="text"
			default="5"
			label="MOD_LATEST_FIELD_COUNT_LABEL"
			description="MOD_LATEST_FIELD_COUNT_DESC" />
		<field
			name="ordering"
			type="list"
			default="c_dsc"
			label="MOD_LATEST_FIELD_ORDERING_LABEL"
			description="MOD_LATEST_FIELD_ORDERING_DESC">
			<option
				value="c_dsc">MOD_LATEST_FIELD_VALUE_ORDERING_ADDED</option>
			<option
				value="m_dsc">MOD_LATEST_FIELD_VALUE_ORDERING_MODIFIED</option>
		</field>
		<field
			id="catid"
			name="catid"
			type="category"
			default=""
			extension="com_content"
			label="MOD_LATEST_FIELD_CATEGORY_LABEL"
			description="MOD_LATEST_FIELD_CATEGORY_DESC"
			class="inputbox">
			<option
				value="">JOPTION_ANY_CATEGORY</option>
			<option
				value="0">JOPTION_NO_CATEGORY</option>
		</field>
		<field
			name="user_id"
			type="list"
			default="0"
			label="MOD_LATEST_FIELD_AUTHORS_LABEL"
			description="MOD_LATEST_FIELD_AUTHORS_DESC">
			<option
				value="0">MOD_LATEST_FIELD_VALUE_AUTHORS_ANYONE</option>
			<option
				value="by_me">MOD_LATEST_FIELD_VALUE_AUTHORS_BY_ME</option>
			<option
				value="not_me">MOD_LATEST_FIELD_VALUE_AUTHORS_NOT_BY_ME</option>
		</field>
	</fields>
	<fields
		group="advanced">
		<field
			name="layout"
			type="modulelayout"
			label="JFIELD_ALT_LAYOUT_LABEL"
			description="JFIELD_ALT_MODULE_LAYOUT_DESC" />

		<field
			name="moduleclass_sfx"
			type="text"
			default=""
			label="MODULES_FIELD_MODULECLASS_SFX_LABEL"
			description="MODULES_FIELD_MODULECLASS_SFX_DESC" />

		<field
			name="cache"
			type="list"
			default="0"
			label="MODULES_FIELD_CACHING_LABEL"
			description="MODULES_FIELD_CACHING_DESC">
			<option
				value="0">MODULES_FIELD_VALUE_NOCACHING</option>
		</field>
	</fields>
</install>
