<?xml version="1.0" encoding="utf-8"?>
<!DOCTYPE install SYSTEM "http://dev.joomla.org/xml/1.5/component-install.dtd">
<install type="component" version="1.5.0">
	<name>Hello</name>
	<!-- The following elements are optional and free of formatting conttraints -->
	<creationDate>2007 02 22</creationDate>
	<author>John Doe</author>
	<authorEmail>john.doe@example.org</authorEmail>
	<authorUrl>http://www.example.org</authorUrl>
	<copyright>Copyright Info</copyright>
	<license>License Info</license>
	<!--  The version string is recorded in the components table -->
	<version>Component Version String</version>
	<!-- The description is optional and defaults to the name -->
	<description>Description of the component ...</description>

	<!-- Site Main File Copy Section -->
	<files folder="site">
		<filename>index.html</filename>
		<filename>hello.php</filename>
		<filename>controller.php</filename>
		<filename>views/index.html</filename>
		<filename>views/hello/index.html</filename>
		<filename>views/hello/view.html.php</filename>
		<filename>views/hello/tmpl/index.html</filename>
		<filename>views/hello/tmpl/default.php</filename>
		<filename>models/hello.php</filename>
	</files>
	<install>
		<sql>
			<file charset="utf8" driver="mysql">install.sql</file>
		</sql>
	</install>
	<uninstall>
		<sql>
			<file charset="utf8" driver="mysql">uninstall.sql</file>
		</sql>
	</uninstall>	
	<administration>
		<!-- Administration Menu Section -->
		<menu>Hello World!</menu>
		
		<!-- Administration Main File Copy Section -->
		<!-- Note the folder attribute: This attribute describes the folder
			to copy FROM in the package to install therefore files copied
			in this section are copied from /admin/ in the package -->
		<files folder="admin">
	<!-- Site Main File Copy Section -->
			<filename>index.html</filename>
			<filename>admin.hello.php</filename>
			<filename>controller.php</filename>
			<filename>controllers/hello.php</filename>
			<filename>controllers/index.html</filename>
			<filename>models/hellos.php</filename>
			<filename>models/hello.php</filename>
			<filename>models/index.html</filename>
			<filename>views/hellos/view.html.php</filename>
			<filename>views/hellos/index.html</filename>
			<filename>views/hellos/tmpl/default.php</filename>
			<filename>views/hellos/tmpl/index.html</filename>
			<filename>views/hello/view.html.php</filename>
			<filename>views/hello/tmpl/form.php</filename>
			<filename>views/hello/index.html</filename>
			<filename>views/hello/tmpl/index.html</filename>
			<filename>tables/hello.php</filename>
			<filename>tables/index.html</filename>
			<filename>install.sql</filename>
			<filename>uninstall.sql</filename>
		</files>		
	</administration>
</install>
