<?xml version="1.0" encoding="utf-8"?>
<access component="com_projects">
	
	<!-- All in one component permition just becose we dont support sections yet -->
	<section name="component">
		<!-- Projects -->
		<action name="core.create" title="COM_PROJECTS_ACTION_PROJECT_CREATE_LABEL" description="COM_PROJECTS_ACTION_PROJECT_CREATE_DESC" />
		<action name="core.delete" title="COM_PROJECTS_ACTION_PROJECT_DELETE_LABEL" description="COM_PROJECTS_ACTION_PROJECT_DELETE_DESC" />
		<action name="core.edit" title="COM_PROJECTS_ACTION_PROJECT_EDIT_LABEL" description="COM_PROJECTS_ACTION_PROJECT_EDIT_DESC" />
		
		<!-- Tasks -->
		<action name="task.create" title="COM_PROJECTS_ACTION_TASK_CREATE_LABEL" description="COM_PROJECTS_ACTION_TASK_CREATE_DESC" />
		<action name="task.edit" title="COM_PROJECTS_ACTION_TASK_EDIT_LABEL" description="COM_PROJECTS_ACTION_TASK_EDIT_LABEL" />
		<action name="task.delete" title="COM_PROJECTS_ACTION_TASK_DELETE_LABEL" description="COM_PROJECTS_ACTION_TASK_DELETE_DESC" />	
		
		<!-- Tickets -->	
		<action name="ticket.create" title="COM_PROJECTS_ACTION_TICKET_CREATE_LABEL" description="COM_PROJECTS_ACTION_TICKET_CREATE_DESC" />
		<action name="ticket.edit" title="COM_PROJECTS_ACTION_TICKET_EDIT_LABEL" description="COM_PROJECTS_ACTION_TICKET_EDIT_LABEL" />
		<action name="ticket.delete" title="COM_PROJECTS_ACTION_TICKET_DELETE_LABEL" description="COM_PROJECTS_ACTION_TICKET_DELETE_DESC" />	
		
		<!-- Documents -->
		<action name="document.create" title="COM_PROJECTS_ACTION_DOCUMENT_CREATE_LABEL" description="COM_PROJECTS_ACTION_DOCUMENT_CREATE_DESC" />
		<action name="document.edit" title="COM_PROJECTS_ACTION_DOCUMENT_EDIT_LABEL" description="COM_PROJECTS_ACTION_DOCUMENT_EDIT_LABEL" />
		<action name="document.delete" title="COM_PROJECTS_ACTION_DOCUMENT_DELETE_LABEL" description="COM_PROJECTS_ACTION_DOCUMENT_DELETE_DESC" />	
	
		<!-- Activities 
		<action name="activity.create" title="COM_PROJECTS_ACTION_ACTIVITY_CREATE_LABEL" description="COM_PROJECTS_ACTION_ACTIVITY_CREATE_DESC" />
		<action name="activity.delete" title="COM_PROJECTS_ACTION_ACTIVITY_DELETE_LABEL" description="COM_PROJECTS_ACTION_ACTIVITY_DELETE_DESC" />
		-->
	</section>
	
	
	<section name="category">
		<action name="core.create" title="COM_CATEGORY_ACCESS_CREATE" description="COM_CATEGORY_ACCESS_CREATE_DESC" />
		<action name="core.delete" title="COM_CATEGORY_ACCESS_DELETE" description="COM_CATEGORY_ACCESS_DELETE_DESC" />
		<action name="core.edit" title="COM_CATEGORY_ACCESS_EDIT" description="COM_CATEGORY_ACCESS_EDIT_DESC" />
	</section>
</access>