<?xml version="1.0" encoding="UTF-8" ?>
<extension type="library" version="1.6">
	<name>Joomla! Web Application Framework</name>
	<libraryname>joomla</libraryname>
	<version>1.6</version>
	<description>The Joomla! Web Application Framework is the Core of the Joomla! Content Management System</description>
	<creationDate>2008</creationDate>
	<copyright>Copyright (C) 2005 - 2010 Open Source Matters. All rights reserved.</copyright>
	<license>http://www.gnu.org/licenses/gpl-2.0.html GNU/GPL</license>
	<author>Joomla</author>
	<authorEmail>admin@joomla.org</authorEmail>
	<authorUrl>http://www.joomla.org</authorUrl>
	<packager>Joomla!</packager>
	<packagerurl>http://www.joomla.org</packagerurl>
	<update>http://update.joomla.org/libraries/joomla</update>
	<files>
		<file>base/tree.php</file>
		<file>base/observer.php</file>
		<file>base/index.html</file>
		<file>base/adapterinstance.php</file>
		<file>base/object.php</file>
		<file>base/observable.php</file>
		<file>base/adapter.php</file>
		<file>base/stdclass.php</file>
		<file>html/html/menu.php</file>
		<file>html/html/list.php</file>
		<file>html/html/grid.php</file>
		<file>html/html/email.php</file>
		<file>html/html/form.php</file>
		<file>html/html/index.html</file>
		<file>html/html/select.php</file>
		<file>html/html/image.php</file>
		<file>html/html/behavior.php</file>
		<file>html/html/content.php</file>
		<file>html/toolbar.php</file>
		<file>html/html.php</file>
		<file>html/pane.php</file>
		<file>html/form.php</file>
		<file>html/parameter.php</file>
		<file>html/index.html</file>
		<file>html/toolbar/index.html</file>
		<file>html/toolbar/button/custom.php</file>
		<file>html/toolbar/button/popup.php</file>
		<file>html/toolbar/button/index.html</file>
		<file>html/toolbar/button/standard.php</file>
		<file>html/toolbar/button/separator.php</file>
		<file>html/toolbar/button/confirm.php</file>
		<file>html/toolbar/button/link.php</file>
		<file>html/toolbar/button/help.php</file>
		<file>html/toolbar/button.php</file>
		<file>html/pagination.php</file>
		<file>html/editor.php</file>
		<file>html/parameter/element/menu.php</file>
		<file>html/parameter/element/editors.php</file>
		<file>html/parameter/element/list.php</file>
		<file>html/parameter/element/radio.php</file>
		<file>html/parameter/element/section.php</file>
		<file>html/parameter/element/calendar.php</file>
		<file>html/parameter/element/filelist.php</file>
		<file>html/parameter/element/timezones.php</file>
		<file>html/parameter/element/password.php</file>
		<file>html/parameter/element/helpsites.php</file>
		<file>html/parameter/element/index.html</file>
		<file>html/parameter/element/menuitem.php</file>
		<file>html/parameter/element/imagelist.php</file>
		<file>html/parameter/element/sql.php</file>
		<file>html/parameter/element/folderlist.php</file>
		<file>html/parameter/element/text.php</file>
		<file>html/parameter/element/languages.php</file>
		<file>html/parameter/element/textarea.php</file>
		<file>html/parameter/element/usergroup.php</file>
		<file>html/parameter/element/spacer.php</file>
		<file>html/parameter/element/category.php</file>
		<file>html/parameter/element/hidden.php</file>
		<file>html/parameter/index.html</file>
		<file>html/parameter/element.php</file>
		<file>mail/helper.php</file>
		<file>mail/mail.php</file>
		<file>mail/index.html</file>
		<file>user/helper.php</file>
		<file>user/index.html</file>
		<file>user/authorization.php</file>
		<file>user/authentication.php</file>
		<file>user/user.php</file>
		<file>methods.php</file>
		<file>database/recordset.php</file>
		<file>database/database/index.html</file>
		<file>database/database/mysqli.php</file>
		<file>database/database/mysql.php</file>
		<file>database/table/menu.php</file>
		<file>database/table/axogroup.php</file>
		<file>database/table/tree.php</file>
		<file>database/table/update.php</file>
		<file>database/table/section.php</file>
		<file>database/table/module.php</file>
		<file>database/table/index.html</file>
		<file>database/table/component.php</file>
		<file>database/table/acl.php</file>
		<file>database/table/arogroup.php</file>
		<file>database/table/content.php</file>
		<file>database/table/axomap.php</file>
		<file>database/table/session.php</file>
		<file>database/table/group.php</file>
		<file>database/table/extension.php</file>
		<file>database/table/aro.php</file>
		<file>database/table/user.php</file>
		<file>database/table/category.php</file>
		<file>database/table/menutypes.php</file>
		<file>database/index.html</file>
		<file>database/database.php</file>
		<file>database/query.php</file>
		<file>database/table.php</file>
		<file>cache/cache.php</file>
		<file>cache/storage.php</file>
		<file>cache/index.html</file>
		<file>cache/storage/file.php</file>
		<file>cache/storage/index.html</file>
		<file>cache/storage/memcache.php</file>
		<file>cache/storage/xcache.php</file>
		<file>cache/storage/apc.php</file>
		<file>cache/storage/eaccelerator.php</file>
		<file>cache/handler/page.php</file>
		<file>cache/handler/output.php</file>
		<file>cache/handler/index.html</file>
		<file>cache/handler/callback.php</file>
		<file>cache/handler/view.php</file>
		<file>error/profiler.php</file>
		<file>error/exception.php</file>
		<file>error/log.php</file>
		<file>error/index.html</file>
		<file>error/error.php</file>
		<file>event/index.html</file>
		<file>event/event.php</file>
		<file>event/dispatcher.php</file>
		<file>tasks/task.php</file>
		<file>tasks/taskset.php</file>
		<file>session/storage.php</file>
		<file>session/index.html</file>
		<file>session/storage/none.php</file>
		<file>session/storage/index.html</file>
		<file>session/storage/memcache.php</file>
		<file>session/storage/xcache.php</file>
		<file>session/storage/database.php</file>
		<file>session/storage/apc.php</file>
		<file>session/storage/eaccelerator.php</file>
		<file>session/session.php</file>
		<file>application/menu.php</file>
		<file>application/application.php</file>
		<file>application/helper.php</file>
		<file>application/component/helper.php</file>
		<file>application/component/index.html</file>
		<file>application/component/model.php</file>
		<file>application/component/controller.php</file>
		<file>application/component/view.php</file>
		<file>application/pathway.php</file>
		<file>application/index.html</file>
		<file>application/router.php</file>
		<file>application/module/helper.php</file>
		<file>application/module/index.html</file>
		<file>index.html</file>
		<file>version.php</file>
		<file>config.php</file>
		<file>backup/adapter/table.php</file>
		<file>client/ldap.php</file>
		<file>client/helper.php</file>
		<file>client/index.html</file>
		<file>client/ftp.php</file>
		<file>filter/filteroutput.php</file>
		<file>filter/filterinput.php</file>
		<file>filter/index.html</file>
		<file>import.php</file>
		<file>filesystem/archive.php</file>
		<file>filesystem/helper.php</file>
		<file>filesystem/file.php</file>
		<file>filesystem/index.html</file>
		<file>filesystem/path.php</file>
		<file>filesystem/streams/index.html</file>
		<file>filesystem/streams/string.php</file>
		<file>filesystem/support/index.html</file>
		<file>filesystem/support/stringcontroller.php</file>
		<file>filesystem/filesystem/ssh.php</file>
		<file>filesystem/filesystem/ssh.xml</file>
		<file>filesystem/filesystem/ftp.php</file>
		<file>filesystem/filesystem/ftp.xml</file>
		<file>filesystem/filesystem/php.php</file>
		<file>filesystem/folder.php</file>
		<file>filesystem/stream.php</file>
		<file>filesystem/archive/zip.php</file>
		<file>filesystem/archive/tar.php</file>
		<file>filesystem/archive/index.html</file>
		<file>filesystem/archive/gzip.php</file>
		<file>filesystem/archive/bzip2.php</file>
		<file>filesystem/filesystem.php</file>
		<file>factory.php</file>
		<file>plugin/helper.php</file>
		<file>plugin/index.html</file>
		<file>plugin/plugin.php</file>
		<file>updater/updater.php</file>
		<file>updater/update.php</file>
		<file>updater/updateadapter.php</file>
		<file>updater/adapters/collection.php</file>
		<file>updater/adapters/extension.php</file>
		<file>environment/index.html</file>
		<file>environment/request.php</file>
		<file>environment/uri.php</file>
		<file>environment/response.php</file>
		<file>environment/browser.php</file>
		<file>language/helper.php</file>
		<file>language/index.html</file>
		<file>language/language.php</file>
		<file>language/help.php</file>
		<file>installer/packagemanifest.php</file>
		<file>installer/helper.php</file>
		<file>installer/index.html</file>
		<file>installer/adapters/module.php</file>
		<file>installer/adapters/package.php</file>
		<file>installer/adapters/library.php</file>
		<file>installer/adapters/file.php</file>
		<file>installer/adapters/index.html</file>
		<file>installer/adapters/sql.php</file>
		<file>installer/adapters/plugin.php</file>
		<file>installer/adapters/component.php</file>
		<file>installer/adapters/template.php</file>
		<file>installer/adapters/language.php</file>
		<file>installer/dependency.php</file>
		<file>installer/extension.php</file>
		<file>installer/librarymanifest.php</file>
		<file>installer/installer.php</file>
		<file>document/pdf/index.html</file>
		<file>document/pdf/pdf.php</file>
		<file>document/raw/raw.php</file>
		<file>document/raw/index.html</file>
		<file>document/feed/renderer/atom.php</file>
		<file>document/feed/renderer/rss.php</file>
		<file>document/feed/renderer/index.html</file>
		<file>document/feed/index.html</file>
		<file>document/feed/feed.php</file>
		<file>document/html/renderer/installation.php</file>
		<file>document/html/renderer/module.php</file>
		<file>document/html/renderer/message.php</file>
		<file>document/html/renderer/index.html</file>
		<file>document/html/renderer/component.php</file>
		<file>document/html/renderer/modules.php</file>
		<file>document/html/renderer/head.php</file>
		<file>document/html/html.php</file>
		<file>document/html/index.html</file>
		<file>document/error/index.html</file>
		<file>document/error/error.php</file>
		<file>document/vcard/vcard.php</file>
		<file>document/vcard/index.html</file>
		<file>document/document.php</file>
		<file>document/index.html</file>
		<file>document/renderer.php</file>
		<file>utilities/utility.php</file>
		<file>utilities/date.php</file>
		<file>utilities/index.html</file>
		<file>utilities/simplexml.php</file>
		<file>utilities/string.php</file>
		<file>utilities/compat/compat.php</file>
		<file>utilities/compat/index.html</file>
		<file>utilities/buffer.php</file>
		<file>utilities/simplecrypt.php</file>
		<file>utilities/arrayhelper.php</file>
		<file>registry/index.html</file>
		<file>registry/format/xml.php</file>
		<file>registry/format/index.html</file>
		<file>registry/format/php.php</file>
		<file>registry/format/ini.php</file>
		<file>registry/format.php</file>
		<file>registry/registry.php</file>
	</files>
</extension>
